<?xml version="1.0" encoding="UTF-8"?>
<addon id="plugin.video.acestream.sports"
       version="1.0.4"
       name="Acestream Sports"
       provider-name="Iván Makintos">
    <requires>
        <import addon="xbmc.python" version="2.24.0"/>
        <import addon="script.module.beautifulsoup4" version="4.5.3"/>
        <import addon="script.module.html5lib" version="0.999.0" />
    </requires>
    <extension point="xbmc.python.pluginsource" library="main.py">
        <provides>video</provides>
    </extension>
    <extension point="xbmc.addon.metadata">
        <summary lang="en">Acestream Sports</summary>
        <summary lang="es">Acestream Sports</summary>
        <description lang="en">Watch sports over Internet.</description>
        <description lang="es">Todo el deporte en el salón de tu casa. Descarga las agendas de Arenavision.in y otras páginas web y reproduce los enlaces en Kodi.
        </description>
        <disclaimer lang="en">Use at your own risk</disclaimer>
        <disclaimer lang="es">Úsalo bajo tu propia responsabilidad</disclaimer>
        <assets>
            <icon>icon.png</icon>
            <fanart>fanart.jpg</fanart>
            <screenshot>resources\screenshots\screenshot-01.jpg</screenshot>
            <screenshot>resources\screenshots\screenshot-02.jpg</screenshot>
            <screenshot>resources\screenshots\screenshot-03.jpg</screenshot>
            <screenshot>resources\screenshots\screenshot-04.jpg</screenshot>
            <screenshot>resources\screenshots\screenshot-05.jpg</screenshot>
        </assets>
        <news>Version 1.0.4
- Corregido addon.xml

Version 1.0.3
- Añadido al repositorio
- Añadido auto-update

Version 1.0.2
- Arreglado el problema con la codificación de caracteres

Version 1.0.1
- Versión inicial</news>
    </extension>
</addon>
