<?xml version="1.0" encoding="UTF-8" standalone="yes"?>
<addon id="repository.makintos" name="Makintos Repository" version="1.0.0" provider-name="Iván Makintos">
    <extension point="xbmc.addon.repository" name="Mankintos Repository">
        <info compressed="true">https://raw.githubusercontent.com/Makintos/repository.makintos/master/addons.xml.gz</info>
        <checksum>https://raw.githubusercontent.com/Makintos/repository.makintos/master/addons.xml.md5</checksum>
        <datadir zip="true">https://raw.githubusercontent.com/Makintos/repository.makintos/master/</datadir>
    </extension>
    <extension point="xbmc.addon.metadata">
        <summary>Makintos Kodi Addons</summary>
        <description>Install Kodi add-ons from the Makintos add-on repository.</description>
        <disclaimer>2017</disclaimer>
        <platform>all</platform>
        <website>https://github.com/Makintos</website>
    </extension>
</addon>
